manifestacion,hour,hour_rel,ami,pairwise,n_nodes_ref,n_nodes_layer
nat,429576,-48.0,0.0,0.003618186146155677,538,332
nat,429577,-47.0,0.0,0.002713639609616758,538,338
nat,429578,-46.0,0.0,0.00433230183289693,538,248
nat,429579,-45.0,0.0,0.0020471316353249227,538,184
nat,429580,-44.0,0.0,0.0010473696738871696,538,70
nat,429581,-43.0,0.0,0.0,538,16
nat,429582,-42.0,0.0,0.0,538,8
nat,429583,-41.0,0.0,4.7607712449416804e-05,538,11
nat,429584,-40.0,0.0,0.0,538,8
nat,429585,-39.0,0.0,4.7607712449416804e-05,538,11
nat,429586,-38.0,0.0,0.0009521542489883361,538,85
nat,429587,-37.0,0.0,0.0009997619614377528,538,107
nat,429588,-36.0,0.0,0.0008569388240895025,538,100
nat,429589,-35.0,0.0,0.0012854082361342537,538,142
nat,429590,-34.0,0.0,0.0013806236610330873,538,189
nat,429591,-33.0,0.0,0.0005712925493930016,538,168
nat,429592,-32.0,0.0,0.0007617233991906689,538,142
nat,429593,-31.0,0.0,0.0007141156867412521,538,126
nat,429594,-30.0,0.0,0.0020947393477743393,538,148
nat,429595,-29.0,0.0,0.0015710545108307545,538,163
nat,429596,-28.0,0.0,0.0023327779100214235,538,144
nat,429597,-27.0,0.0,0.00119019281123542,538,138
nat,429598,-26.0,0.0,0.0008569388240895025,538,123
nat,429599,-25.0,0.0,0.002189954772673173,538,222
nat,429600,-24.0,0.0,0.001951916210426089,538,219
nat,429601,-23.0,0.0,0.0015234467983813377,538,141
nat,429602,-22.0,0.0,0.001713877648179005,538,195
nat,429603,-21.0,0.0,0.0007141156867412521,538,137
nat,429604,-20.0,0.0,0.00038086169959533443,538,30
nat,429605,-19.0,0.0,0.00038086169959533443,538,64
nat,429606,-18.0,0.0,0.0,538,13
nat,429607,-17.0,0.0,0.0,538,5
nat,429608,-16.0,0.0,0.0,538,7
nat,429609,-15.0,0.0,4.7607712449416804e-05,538,24
nat,429610,-14.0,0.0,0.0005236848369435848,538,105
nat,429611,-13.0,0.0,0.0009997619614377528,538,134
nat,429612,-12.0,0.0,0.0017614853606284218,538,167
nat,429613,-11.0,0.0,0.002666031897167341,538,257
nat,429614,-10.0,0.0,0.003856224708402761,538,206
nat,429615,-9.0,0.0,0.003142109021661509,538,260
nat,429616,-8.0,0.0,0.002666031897167341,538,214
nat,429617,-7.0,0.0,0.002427993334920257,538,175
nat,429618,-6.0,0.0,0.00461794810759343,538,160
nat,429619,-5.0,0.0,0.0023327779100214235,538,240
nat,429620,-4.0,0.0,0.0032849321590097597,538,179
nat,429621,-3.0,0.0,0.004094263270649845,538,200
nat,429622,-2.0,0.0,0.007236372292311354,538,253
nat,429623,-1.0,0.0,0.02070935491549631,538,460
nat,429624,0.0,1.0,1.0,538,538
nat,429625,1.0,0.0,0.0334206141394906,538,391
nat,429626,2.0,0.0,0.040656986431801954,538,430
nat,429627,3.0,0.0,0.014472744584622709,538,272
nat,429628,4.0,0.0,0.009283503927636277,538,217
nat,429629,5.0,0.0,0.006807902880266603,538,172
nat,429630,6.0,0.0,0.00433230183289693,538,93
nat,429631,7.0,0.0,0.002713639609616758,538,50
nat,429632,8.0,0.0,0.0009521542489883361,538,43
nat,429633,9.0,0.0,0.0033325398714591763,538,61
nat,429634,10.0,0.0,0.0050940252320875986,538,90
nat,429635,11.0,0.0,0.005522494644132349,538,139
nat,429636,12.0,0.0,0.010854558438467032,538,260
nat,429637,13.0,0.0,0.00866460366579386,538,260
nat,429638,14.0,0.0,0.0049988098071887645,538,193
nat,429639,15.0,0.0,0.01118781242561295,538,246
nat,429640,16.0,0.0,0.0032849321590097597,538,191
nat,429641,17.0,0.0,0.004713163532492264,538,198
nat,429642,18.0,0.0,0.0050464175196381815,538,209
nat,429643,19.0,0.0,0.002427993334920257,538,175
nat,429644,20.0,0.0,0.006950726017614854,538,142
nat,429645,21.0,0.0,0.0030945013092120925,538,150
nat,429646,22.0,0.0,0.003618186146155677,538,178
nat,429647,23.0,0.0,0.0018567007855272554,538,178
nat,429648,24.0,0.0,0.001951916210426089,538,159
nat,429649,25.0,0.0,0.0009997619614377528,538,134
nat,429650,26.0,0.0,0.0033325398714591763,538,209
nat,429651,27.0,0.0,0.0010473696738871696,538,71
nat,429652,28.0,0.0,0.0016186622232801714,538,104
nat,429653,29.0,0.0,0.00023803856224708403,538,43
nat,429654,30.0,0.0,0.0,538,14
nat,429655,31.0,0.0,0.0,538,11
nat,429656,32.0,0.0,4.7607712449416804e-05,538,21
nat,429657,33.0,0.0,0.0,538,8
nat,429658,34.0,0.0,4.7607712449416804e-05,538,12
nat,429659,35.0,0.0,0.0012854082361342537,538,92
nat,429660,36.0,0.0,0.0010949773863365864,538,108
nat,429661,37.0,0.0,0.0010473696738871696,538,128
nat,429662,38.0,0.0,0.0011425850987860032,538,142
nat,429663,39.0,0.0,0.0009045465365389193,538,153
nat,429664,40.0,0.0,0.0006665079742918352,538,137
nat,429665,41.0,0.0,0.0013806236610330873,538,141
nat,429666,42.0,0.0,0.0006189002618424184,538,123
nat,429667,43.0,0.0,0.0006665079742918352,538,168
nat,429668,44.0,0.0,0.0007141156867412521,538,147
nat,429669,45.0,0.0,0.0008093311116400857,538,151
nat,429670,46.0,0.0,0.00038086169959533443,538,104
nat,429671,47.0,0.0,0.0013330159485836705,538,128
9n,436983,-27.0,0.0,0.0015608505016094247,1226,480
9n,436984,-26.5,0.0,0.004417012622811733,1226,887
9n,436985,-26.0,0.0,0.005815949171972047,1226,834
9n,436987,-25.0,0.0,0.003847075510190864,1226,838
9n,436989,-24.0,0.0,0.006826292235254497,1226,908
9n,436990,-23.5,0.0,0.005654035219522937,1226,943
9n,436991,-23.0,0.0,0.005142387129783748,1226,971
9n,436993,-22.0,0.0,0.012221265130858857,1226,950
9n,436995,-21.0,0.0,0.003879458300680686,1226,641
9n,436997,-20.0,0.0,0.0021048813818384357,1226,253
9n,436998,-19.5,0.0,0.0017033347797646419,1226,231
9n,436999,-19.0,0.0,0.0022279359856997596,1226,260
9n,437000,-18.5,0.0,0.005382019779408431,1226,362
9n,437001,-18.0,0.0,0.007545190184128547,1226,579
9n,437002,-17.5,0.0,0.009462251381126014,1226,685
9n,437003,-17.0,0.0,0.006120347402576375,1226,766
9n,437005,-16.0,0.0,0.015543739435114603,1226,1112
9n,437006,-15.5,0.0,0.012739389778696009,1226,1135
9n,437007,-15.0,0.0,0.004352247041832089,1226,988
9n,437008,-14.5,0.0,0.005828902288167976,1226,872
9n,437009,-14.0,0.0,0.006819815677156532,1226,853
9n,437011,-13.0,0.0,0.021327305816596826,1226,989
9n,437013,-12.0,0.0,0.028289605771908578,1226,1054
9n,437014,-11.5,0.0,0.01645045756882962,1226,1010
9n,437015,-11.0,0.0,0.02312131240973297,1226,1060
9n,437016,-10.5,0.0,0.024151085147309313,1226,1084
9n,437017,-10.0,0.0,0.013652584470508993,1226,1064
9n,437018,-9.5,0.0,0.015485450412232923,1226,887
9n,437019,-9.0,0.0,0.013704396935292708,1226,807
9n,437021,-8.0,0.0,0.008497244224529316,1226,372
9n,437023,-7.0,0.0,0.005252488617449143,1226,371
9n,437024,-6.5,0.0,0.008393619294961886,1226,476
9n,437025,-6.0,0.0,0.016767808915629876,1226,644
9n,437026,-5.5,0.0,0.03506408554237936,1226,910
9n,437027,-5.0,0.0,0.05205209743334003,1226,1115
9n,437029,-4.0,0.0,0.04221420568253208,1226,1048
9n,437031,-3.0,0.0,0.05872295227424337,1226,1050
9n,437033,-2.0,0.0,0.10051618168040777,1226,1250
9n,437035,-1.0,0.0,0.07408534808261498,1226,1028
9n,437037,0.0,1.0,1.0,1226,1226
9n,437038,0.5,0.0,0.24873869031042142,1226,1184
9n,437039,1.0,0.0,0.04299786921238577,1226,1195
9n,437040,1.5,0.0,0.060717732168416416,1226,1140
9n,437041,2.0,0.0,0.06494692460638718,1226,1128
9n,437043,3.0,0.0,0.023360945059357655,1226,823
9n,437044,3.5,0.0,0.016159012454421223,1226,672
9n,437045,4.0,0.0,0.014695310324281265,1226,505
9n,437046,4.5,0.0,0.0064895112141603465,1226,408
9n,437047,5.0,0.0,0.006327597261711236,1226,401
9n,437049,6.0,0.0,0.013827451539154031,1226,528
9n,437051,7.0,0.0,0.018406378114414874,1226,816
9n,437053,8.0,0.0,0.03554982739972669,1226,1095
9n,437055,9.0,0.0,0.02823779330712486,1226,1084
9n,437057,10.0,0.0,0.014138326327856323,1226,895
9n,437058,10.5,0.0,0.008471337992137458,1226,868
9n,437059,11.0,0.0,0.012383179083307968,1226,1039
9n,437060,11.5,0.0,0.012966069312124764,1226,1338
9n,437061,12.0,0.0,0.01904755736611335,1226,1392
9n,437062,12.5,0.0,0.008587916037900817,1226,1318
9n,437063,13.0,0.0,0.010530883467290144,1226,1274
9n,437065,14.0,0.0,0.04440975887774201,1226,1198
9n,437066,14.5,0.0,0.03738269334145062,1226,1138
9n,437067,15.0,0.0,0.017091636820528097,1226,824
9n,437069,16.0,0.0,0.002882068353594166,1226,279
9n,437071,17.0,0.0,0.0034908648148028213,1226,300
9n,437073,18.0,0.0,0.013950506143015356,1226,628
9n,437074,18.5,0.0,0.023140742084026864,1226,878
9n,437075,19.0,0.0,0.026631606898829686,1226,950
9n,437076,19.5,0.0,0.00617215986736009,1226,922
9n,437077,20.0,0.0,0.0062822613550254855,1226,842
9n,437079,21.0,0.0,0.001457225572041994,1226,385
ch,394669,-24.0,0.0,0.002167434299647792,740,325
ch,394671,-23.0,0.0,0.0027694993828832897,740,510
ch,394673,-22.0,0.0,0.004816520665883982,740,620
ch,394675,-21.0,0.0,0.003793010024383636,740,433
ch,394677,-20.0,0.0,0.0028598091453686143,740,392
ch,394679,-19.0,0.0,0.0008428911165296968,740,188
ch,394680,-18.5,0.0,0.0013847496914416448,740,121
ch,394681,-18.0,0.0,0.0005117553207501731,740,81
ch,394682,-17.5,0.0,0.0,740,15
ch,394683,-17.0,0.0,6.0206508323549776e-05,740,15
ch,394684,-16.5,0.0,6.0206508323549776e-05,740,17
ch,394685,-16.0,0.0,0.0005117553207501731,740,39
ch,394686,-15.5,0.0,0.0004214455582648484,740,97
ch,394687,-15.0,0.0,0.0014449561997651947,740,138
ch,394688,-14.5,0.0,0.0027694993828832897,740,209
ch,394689,-14.0,0.0,0.003913423041030735,740,266
ch,394690,-13.5,0.0,0.0037027002618983114,740,328
ch,394691,-13.0,0.0,0.0031307384328245883,740,371
ch,394692,-12.5,0.0,0.0028598091453686143,740,315
ch,394693,-12.0,0.0,0.0024684668412655406,740,316
ch,394694,-11.5,0.0,0.004425178361780908,740,330
ch,394695,-11.0,0.0,0.005328275986634155,740,318
ch,394696,-10.5,0.0,0.0030705319245010387,740,349
ch,394697,-10.0,0.0,0.0024985700954273157,740,408
ch,394698,-9.5,0.0,0.0031307384328245883,740,446
ch,394699,-9.0,0.0,0.0030404286703392637,740,523
ch,394700,-8.5,0.0,0.003522080736927662,740,570
ch,394701,-8.0,0.0,0.0028899123995303894,740,507
ch,394702,-7.5,0.0,0.0015051627080887443,740,378
ch,394703,-7.0,0.0,0.00135464643727987,740,256
ch,394704,-6.5,0.0,0.0005719618290737228,740,125
ch,394705,-6.0,0.0,0.00036123904994129867,740,46
ch,394706,-5.5,0.0,0.00012041301664709955,740,33
ch,394707,-5.0,0.0,3.0103254161774888e-05,740,18
ch,394708,-4.5,0.0,0.00012041301664709955,740,34
ch,394709,-4.0,0.0,6.0206508323549776e-05,740,28
ch,394710,-3.5,0.0,6.0206508323549776e-05,740,28
ch,394711,-3.0,0.0,0.0009633041331767964,740,104
ch,394712,-2.5,0.0,0.0023480538246184414,740,205
ch,394713,-2.0,0.0,0.0034016677202805623,740,316
ch,394714,-1.5,0.0,0.010746861735753635,740,419
ch,394715,-1.0,0.0,0.009332008790150215,740,467
ch,394716,-0.5,0.0,0.11062945904452272,740,589
ch,394717,0.0,1.0,1.0,740,740
ch,394718,0.5,0.0,0.1689093591017189,740,758
ch,394719,1.0,0.0,0.01360667088112225,740,784
ch,394720,1.5,0.0,0.014268942472681297,740,780
ch,394721,2.0,0.0,0.0135464643727987,740,684
ch,394722,2.5,0.0,0.012553056985460128,740,655
ch,394723,3.0,0.0,0.007586020048767272,740,694
ch,394724,3.5,0.0,0.005569102019928354,740,641
ch,394725,4.0,0.0,0.007736536319576146,740,582
ch,394726,4.5,0.0,0.005689515036575454,740,395
ch,394727,5.0,0.0,0.0011138204039856708,740,182
ch,394728,5.5,0.0,0.00036123904994129867,740,95
ch,394729,6.0,0.0,0.00033113579577952375,740,57
ch,394730,6.5,0.0,0.00033113579577952375,740,29
ch,394731,7.0,0.0,0.00018061952497064934,740,22
ch,394732,7.5,0.0,0.00036123904994129867,740,39
ch,394733,8.0,0.0,0.0007826846082061471,740,108
ch,394734,8.5,0.0,0.0009030976248532467,740,122
ch,394735,9.0,0.0,0.0014750594539269695,740,130
ch,394736,9.5,0.0,0.0017459887413829435,740,127
ch,394737,10.0,0.0,0.0009030976248532467,740,134
ch,394738,10.5,0.0,0.000541858574911948,740,101
ch,394739,11.0,0.0,0.0009030976248532467,740,157
ch,394740,11.5,0.0,0.0006622715915590475,740,182
ch,394741,12.0,0.0,0.0006923748457208224,740,143
ch,394742,12.5,0.0,0.0007224780998825973,740,108
ch,394743,13.0,0.0,0.0009633041331767964,740,166
ch,394744,13.5,0.0,0.0011740269123092207,740,325
ch,394745,14.0,0.0,0.0011439236581474456,740,397
ch,394746,14.5,0.0,0.0010235106415003462,740,449
ch,394747,15.0,0.0,0.0015653692164122942,740,383
ch,394748,15.5,0.0,0.0006923748457208224,740,296
ch,394749,16.0,0.0,0.000812787862367922,740,257
ch,394750,16.5,0.0,0.0006923748457208224,740,213
ch,394751,17.0,0.0,0.001053613895662121,740,127
ch,394752,17.5,0.0,0.00039134230410307354,740,68
ch,394753,18.0,0.0,0.0,740,20
ch,394754,18.5,0.0,0.0,740,6
ch,394755,19.0,0.0,0.0,740,3
ch,394756,19.5,0.0,0.0,740,8
ch,394757,20.0,0.0,9.030976248532467e-05,740,34
ch,394758,20.5,0.0,0.0002107227791324242,740,91
ch,394759,21.0,0.0,0.000541858574911948,740,94
ch,394760,21.5,0.0,0.00018061952497064934,740,52
ch,394761,22.0,0.0,0.0002107227791324242,740,92
ch,394762,22.5,0.0,0.0005117553207501731,740,117
ch,394763,23.0,0.0,0.0002107227791324242,740,59
ch,394764,23.5,0.0,0.00036123904994129867,740,72
