manifestacion,hour,hour_rel,hour_abs,q_fixed_induced,q_fixed_singleton,q_louvain_induced,q_louvain_singleton,n_nodes_ref,n_nodes_induced,n_nodes_window,n_nodes_new,n_edges_induced,n_edges_window
nat,429564,-60.0,-60.0,0.07571660356949703,0.006086217129291455,,,592,39,230,191,43,592
nat,429565,-59.0,-59.0,-0.07125,-0.00650797186774019,,,592,35,239,204,20,469
nat,429566,-58.0,-58.0,0.0568,-0.0030534406575971136,,,592,45,355,310,25,909
nat,429567,-57.0,-57.0,0.012396694214876033,-0.0026990127883570465,,,592,45,330,285,44,934
nat,429568,-56.0,-56.0,-0.04148760330578514,-0.006014013886904794,,,592,50,315,265,55,753
nat,429569,-55.0,-55.0,0.08136094674556213,0.002147499846307753,,,592,51,290,239,52,846
nat,429570,-54.0,-54.0,0.0640816326530612,0.00043568961389829316,,,592,40,318,278,35,855
nat,429571,-53.0,-53.0,-0.04863165680473371,-0.002019693281340222,,,592,57,301,244,52,627
nat,429572,-52.0,-52.0,0.04866850321395776,0.00574268509421487,,,592,50,267,217,66,769
nat,429573,-51.0,-51.0,-0.014438085327783583,-0.005350017564057234,,,592,49,316,267,62,1321
nat,429574,-50.0,-50.0,0.04359999999999999,0.0078084076765033966,,,592,45,301,256,50,607
nat,429575,-49.0,-49.0,0.1566587395957194,0.03896926323815065,,,592,69,341,272,116,893
nat,429576,-48.0,-48.0,0.041609510745313195,0.015169741755065694,,,592,58,265,207,81,506
nat,429577,-47.0,-47.0,0.044143566736099996,0.00480367954956994,,,592,64,298,234,79,752
nat,429578,-46.0,-46.0,-0.009451019066403688,0.003098221668063624,,,592,50,267,217,78,727
nat,429579,-45.0,-45.0,-0.05867768595041324,-0.001122367280983004,,,592,47,199,152,55,523
nat,429580,-44.0,-44.0,-0.02785289345592213,-0.0017982509536563595,,,592,34,162,128,43,444
nat,429581,-43.0,-43.0,-0.0859375,-0.013888353072798117,,,592,19,87,68,8,161
nat,429582,-42.0,-42.0,0.56,0.025301021185794845,,,592,13,54,41,5,81
nat,429583,-41.0,-41.0,-0.09876543209876544,-0.025667707249392987,,,592,15,49,34,18,93
nat,429584,-40.0,-40.0,-0.09375,-0.021315586419753087,,,592,9,43,34,4,72
nat,429585,-39.0,-39.0,-0.059999999999999984,-0.01353949687550072,,,592,8,54,46,5,79
nat,429586,-38.0,-38.0,-0.08560000000000001,-0.011543038693335663,,,592,35,145,110,50,428
nat,429587,-37.0,-37.0,-0.04132231404958676,0.0014072353671714967,,,592,55,229,174,99,498
nat,429588,-36.0,-36.0,-0.004325259515570948,0.005039820558483832,,,592,52,239,187,68,501
nat,429589,-35.0,-35.0,-0.045510204081632664,-0.004813766893968074,,,592,63,349,286,70,902
nat,429590,-34.0,-34.0,-0.010669105319311093,-0.0003104816107951545,,,592,52,352,300,81,1099
nat,429591,-33.0,-33.0,-0.006172839506172855,-0.002963022161516795,,,592,54,334,280,81,1113
nat,429592,-32.0,-32.0,0.06792534722222222,0.0036690584257813713,,,592,57,291,234,48,622
nat,429593,-31.0,-31.0,0.07742969028123886,0.0043879574544799,,,592,65,293,228,53,645
nat,429594,-30.0,-30.0,-0.003355555555555563,0.0025078709785033675,,,592,65,345,280,150,1095
nat,429595,-29.0,-29.0,0.03277777777777778,0.000345491470567438,,,592,62,298,236,120,1057
nat,429596,-28.0,-28.0,0.05647027411890352,0.007943765887531772,,,592,70,345,275,106,1016
nat,429597,-27.0,-27.0,0.02789518174133559,0.002164395610165932,,,592,68,343,275,91,1104
nat,429598,-26.0,-26.0,0.052095347943098794,0.007425241670601543,,,592,53,247,194,51,439
nat,429599,-25.0,-25.0,0.037295918367346935,0.0008196299675173874,,,592,75,363,288,140,1626
nat,429600,-24.0,-24.0,0.025921521997621877,0.0033792862686199817,,,592,83,374,291,145,1262
nat,429601,-23.0,-23.0,0.24029982363315694,0.04668959618219967,,,592,78,335,257,126,913
nat,429602,-22.0,-22.0,0.04260330578512394,0.0065577817452445505,,,592,70,364,294,110,1065
nat,429603,-21.0,-21.0,0.07465277777777778,0.0063711510752033915,,,592,64,285,221,72,753
nat,429604,-20.0,-20.0,0.0087719298245614,0.009891110255243163,,,592,38,165,127,57,338
nat,429605,-19.0,-19.0,-0.027500000000000004,-0.00679930795847751,,,592,40,140,100,60,340
nat,429606,-18.0,-18.0,-0.26,-0.05165267297268573,,,592,8,39,31,5,97
nat,429607,-17.0,-17.0,-0.5,-0.031190926275992438,,,592,6,39,33,1,46
nat,429608,-16.0,-16.0,-1.3877787807814457e-17,-0.021096479441010476,,,592,13,49,36,3,61
nat,429609,-15.0,-15.0,0.10778061224489796,0.01808032312147538,,,592,32,100,68,28,162
nat,429610,-14.0,-14.0,0.114296875,0.021349462031922634,,,592,65,182,117,80,421
nat,429611,-13.0,-13.0,0.059926293863162956,0.007047988852907006,,,592,62,237,175,79,509
nat,429612,-12.0,-12.0,-0.01488703923900119,0.00018214481104284142,,,592,61,315,254,145,872
nat,429613,-11.0,-11.0,0.028876410590277783,0.010130324636779917,,,592,79,344,265,192,1064
nat,429614,-10.0,-10.0,0.011380771733781997,0.010971043008822864,,,592,92,358,266,251,953
nat,429615,-9.0,-9.0,0.029077646683673478,0.00746182536092971,,,592,87,387,300,224,1501
nat,429616,-8.0,-8.0,-0.00542899408284022,0.009231853654725229,,,592,92,383,291,260,1091
nat,429617,-7.0,-7.0,0.03457496716081814,0.01635705017301038,,,592,89,338,249,146,680
nat,429618,-6.0,-6.0,0.011917009602194797,0.012648903569165504,,,592,83,307,224,216,1093
nat,429619,-5.0,-5.0,0.07982807093425605,0.004955686871446046,,,592,83,400,317,136,1939
nat,429620,-4.0,-4.0,0.04988987838743656,0.016535160421858312,,,592,92,320,228,177,848
nat,429621,-3.0,-3.0,0.053711650840029226,0.029171444954128444,,,592,100,322,222,296,872
nat,429622,-2.0,-2.0,0.0250794729306705,0.017069549233307172,,,592,117,416,299,406,1579
nat,429623,-1.0,-1.0,0.02303407275084924,0.021797993399631347,,,592,202,577,375,2291,4515
nat,429624,0.0,0.0,0.34066606108833936,0.34066606108833936,,,592,592,592,0,4470,4470
nat,429625,1.0,1.0,0.023838023191657176,0.031552010133269526,,,592,191,492,301,2478,3899
nat,429626,2.0,2.0,0.022565752936988245,0.031687328160483114,,,592,168,529,361,1325,3146
nat,429627,3.0,3.0,0.05807914313871169,0.055601443880087274,,,592,139,336,197,847,1499
nat,429628,4.0,4.0,0.036750168605241995,0.039414709750082384,,,592,118,284,166,658,1267
nat,429629,5.0,5.0,0.028261319582972667,0.03890294984796186,,,592,93,193,100,652,1248
nat,429630,6.0,6.0,0.030664772867217818,0.030017801704491705,,,592,59,114,55,349,682
nat,429631,7.0,7.0,0.030400000000000024,0.05093209251662018,,,592,51,83,32,275,411
nat,429632,8.0,8.0,0.009494621717444867,0.026765784438775517,,,592,39,70,31,129,224
nat,429633,9.0,9.0,0.05333042088042828,0.06029524708475748,,,592,50,79,29,328,413
nat,429634,10.0,10.0,-0.007606472350062105,0.018366620411069377,,,592,68,119,51,234,371
nat,429635,11.0,11.0,0.002237948536653125,0.01597704614849184,,,592,81,195,114,398,703
nat,429636,12.0,12.0,-0.009693220552960489,-0.00047458911953032816,,,592,101,321,220,445,2490
nat,429637,13.0,13.0,-0.00809206177513369,0.011100497669489234,,,592,113,352,239,645,1639
nat,429638,14.0,14.0,0.02847717127417966,0.018982260880409028,,,592,87,322,235,226,1188
nat,429639,15.0,15.0,-0.028550047423882514,0.01039546313799622,,,592,92,332,240,339,1725
nat,429640,16.0,16.0,-0.00775909423828125,0.010039408783577196,,,592,86,327,241,256,1031
nat,429641,17.0,17.0,0.048493969138159516,0.025346821034121902,,,592,84,310,226,211,1014
nat,429642,18.0,18.0,0.009163223140495844,0.012368187473770947,,,592,88,345,257,220,1327
nat,429643,19.0,19.0,0.04255138440631901,0.027527656745133546,,,592,79,255,176,203,752
nat,429644,20.0,20.0,0.08560409457900806,0.02705203511223687,,,592,74,253,179,204,856
nat,429645,21.0,21.0,0.03267567414777544,0.011405598665050854,,,592,82,309,227,133,794
nat,429646,22.0,22.0,0.0016326530612244823,3.1094333990458714e-05,,,592,77,326,249,140,1203
nat,429647,23.0,23.0,0.07422287152016882,0.013614057728952356,,,592,71,298,227,111,749
nat,429648,24.0,24.0,0.043553875236294906,0.014261628923611746,,,592,67,267,200,115,619
nat,429649,25.0,25.0,-0.021148393194707,0.002443951631152564,,,592,56,238,182,92,493
nat,429650,26.0,26.0,0.06161389413988658,-0.00024336509264038261,,,592,58,349,291,92,2481
nat,429651,27.0,27.0,0.09569943289224951,0.022184699501483853,,,592,43,199,156,46,453
nat,429652,28.0,28.0,0.02884214910453975,0.01574661945606056,,,592,49,145,96,98,362
nat,429653,29.0,29.0,-0.014698231009365258,-0.012629362880886428,,,592,35,107,72,62,475
nat,429654,30.0,30.0,-0.185,-0.021216,,,592,21,86,65,10,125
nat,429655,31.0,31.0,-0.078125,-0.016937255859375,,,592,12,50,38,8,128
nat,429656,32.0,32.0,-0.041666666666666664,-0.021090828712998954,,,592,13,63,50,6,233
nat,429657,33.0,33.0,-0.5,-0.04396694214876033,,,592,6,36,30,1,55
nat,429658,34.0,34.0,0.0632716049382716,-0.007499264777962941,,,592,26,64,38,18,101
nat,429659,35.0,35.0,0.009298750247966666,0.00651103275471201,,,592,42,147,105,142,493
nat,429660,36.0,36.0,0.018698060941828236,0.004976868760652544,,,592,61,224,163,76,555
nat,429661,37.0,37.0,0.014295841209829864,0.0037416379586604712,,,592,53,233,180,92,632
nat,429662,38.0,38.0,0.04232071406586642,0.006348750359092214,,,592,55,287,232,57,590
nat,429663,39.0,39.0,0.15139797739440808,0.02294438869267161,,,592,66,268,202,82,554
nat,429664,40.0,40.0,0.1041824137062232,0.009846620207045647,,,592,57,279,222,63,617
nat,429665,41.0,41.0,0.03910680529300566,0.016930890284103484,,,592,58,271,213,92,586
nat,429666,42.0,42.0,0.10244897959183673,0.00020963265306122455,,,592,42,261,219,35,875
nat,429667,43.0,43.0,0.0838807883352027,0.0034666666666666665,,,592,62,317,255,79,1350
nat,429668,44.0,44.0,0.0847953216374269,0.006194255479969764,,,592,59,257,198,57,630
nat,429669,45.0,45.0,0.020404663923182447,0.00168727139517455,,,592,55,320,265,54,1196
nat,429670,46.0,46.0,-0.0028344671201814223,-0.0024396386858821107,,,592,51,258,207,42,484
nat,429671,47.0,47.0,0.12619267466912895,0.016593254171500076,,,592,55,282,227,57,601
nat,429672,48.0,48.0,0.23510204081632652,0.00624054820415879,,,592,48,322,274,35,920
nat,429673,49.0,49.0,0.05787627551020407,0.005250087344079016,,,592,50,322,272,56,861
nat,429674,50.0,50.0,0.04388888888888889,-0.0007909349173553719,,,592,45,270,225,30,704
nat,429675,51.0,51.0,0.03656462585034012,-0.001527571127885033,,,592,50,268,218,42,664
nat,429676,52.0,52.0,-0.029519896193771628,-0.011232118084990276,,,592,39,212,173,68,1207
nat,429677,53.0,53.0,0.013888888888888902,-0.0124583949704142,,,592,13,86,73,6,208
nat,429678,54.0,54.0,-0.013888888888888878,-0.0343915343915344,,,592,10,35,25,6,63
nat,429679,55.0,55.0,-0.07568359375,-0.03364629623442146,,,592,14,45,31,32,173
nat,429680,56.0,56.0,-0.16,-0.026556473829201104,,,592,12,57,45,5,165
nat,429681,57.0,57.0,0.03125,-0.0175,,,592,13,52,39,4,60
nat,429682,58.0,58.0,-0.08222222222222222,-0.005548945375878852,,,592,38,167,129,45,430
nat,429683,59.0,59.0,-0.00439453125,0.0014134932590911685,,,592,40,212,172,32,458
nat,429684,60.0,60.0,-0.06093749999999999,-0.007104259122358505,,,592,54,279,225,40,661
9n,436983,-27.0,-54.0,0.09852275729951114,0.025953938397448317,,,1276,119,635,516,348,2515
9n,436984,-26.5,-53.0,0.0711532198288448,0.019983040829288205,,,1276,169,1032,863,844,6519
9n,436985,-26.0,-52.0,0.053542159898014925,0.020699924948285337,,,1276,170,961,791,969,6445
9n,436986,-25.5,-51.0,0.05221857216391663,0.019157543933347336,,,1276,158,907,749,748,5175
9n,436987,-25.0,-50.0,0.060064064257179264,0.016589962063564365,,,1276,180,989,809,922,7062
9n,436988,-24.5,-49.0,0.09566528766748962,0.021738202654239907,,,1276,191,1075,884,1122,8760
9n,436989,-24.0,-48.0,0.1141421872823293,0.023460091943799714,,,1276,181,1075,894,1124,7951
9n,436990,-23.5,-47.0,0.1213040698913275,0.02453647942926769,,,1276,178,1077,899,1235,8493
9n,436991,-23.0,-46.0,0.10219431362288507,0.021828021794176727,,,1276,182,1153,971,1365,9436
9n,436992,-22.5,-45.0,0.06489983412164825,0.017266632298103525,,,1276,195,1162,967,1327,10034
9n,436993,-22.0,-44.0,0.06424340516010452,0.01278860274037698,,,1276,199,1080,881,1613,12553
9n,436994,-21.5,-43.0,0.0693404390390591,0.010082413910179635,,,1276,194,970,776,1730,12338
9n,436995,-21.0,-42.0,0.09341240799638256,0.017609468993231694,,,1276,162,766,604,1026,5906
9n,436996,-20.5,-41.0,0.11679983267982687,0.04025158390100223,,,1276,125,515,390,688,3426
9n,436997,-20.0,-40.0,0.10750960839514694,0.05133684531085896,,,1276,104,340,236,499,1928
9n,436998,-19.5,-39.0,0.09747069266651809,0.046124499410493416,,,1276,87,300,213,373,1627
9n,436999,-19.0,-38.0,0.022219416740310558,0.01206669591926284,,,1276,81,301,220,356,2279
9n,437000,-18.5,-37.0,0.0700328921607017,0.02183349558319812,,,1276,111,414,303,452,3225
9n,437001,-18.0,-36.0,0.08854348438884264,0.018875008872409747,,,1276,134,642,508,772,7091
9n,437002,-17.5,-35.0,0.07062959847212605,0.02289012442447127,,,1276,145,802,657,977,8369
9n,437003,-17.0,-34.0,0.09593431602534928,0.0271294652183858,,,1276,154,903,749,845,7782
9n,437004,-16.5,-33.0,0.14664679112732637,0.022101870021678387,,,1276,184,1132,948,908,13382
9n,437005,-16.0,-32.0,0.09339831485736888,0.014076511525427106,,,1276,205,1279,1074,1194,20538
9n,437006,-15.5,-31.0,0.12716441072397125,0.015748175914794174,,,1276,211,1281,1070,1257,15902
9n,437007,-15.0,-30.0,0.127482580461677,0.020323038787894245,,,1276,213,1108,895,1241,8515
9n,437008,-14.5,-29.0,0.08706327979297084,0.017967444471725373,,,1276,215,1016,801,1315,6901
9n,437009,-14.0,-28.0,0.09496770904897987,0.025262785037371196,,,1276,233,1005,772,1427,6956
9n,437010,-13.5,-27.0,0.08226458150113543,0.026710176172457654,,,1276,235,989,754,1727,8123
9n,437011,-13.0,-26.0,0.10945477734084394,0.030655068679713366,,,1276,240,1066,826,1940,10001
9n,437012,-12.5,-25.0,0.14264454809832447,0.03656558890000479,,,1276,252,1153,901,2361,12616
9n,437013,-12.0,-24.0,0.11963329321705882,0.039890230002956044,,,1276,265,1180,915,2659,11223
9n,437014,-11.5,-23.0,0.07325870804309045,0.03177222358051119,,,1276,292,1165,873,3543,11519
9n,437015,-11.0,-22.0,0.0770857844408606,0.033639380503346535,,,1276,313,1166,853,4512,13045
9n,437016,-10.5,-21.0,0.0889506356526411,0.03315366742269257,,,1276,305,1192,887,4352,15251
9n,437017,-10.0,-20.0,0.0888409525771668,0.03376326288485654,,,1276,289,1176,887,3874,13373
9n,437018,-9.5,-19.0,0.0787521438628864,0.0375185592133089,,,1276,294,980,686,3308,9217
9n,437019,-9.0,-18.0,0.09550510951889181,0.04572322769816753,,,1276,273,877,604,2789,9498
9n,437020,-8.5,-17.0,0.08944964101462283,0.05179959852909235,,,1276,234,702,468,2166,6609
9n,437021,-8.0,-16.0,0.12690260734911749,0.0789411986025262,,,1276,196,422,226,1466,3050
9n,437022,-7.5,-15.0,0.1352311581854834,0.08520381419897252,,,1276,172,364,192,1038,2154
9n,437023,-7.0,-14.0,0.07545700481322708,0.04260326468774529,,,1276,177,429,252,1322,3815
9n,437024,-6.5,-13.0,0.08743013184493768,0.04487031370483432,,,1276,190,539,349,1417,6099
9n,437025,-6.0,-12.0,0.14430772237688508,0.04212758380493359,,,1276,222,689,467,1427,8288
9n,437026,-5.5,-11.0,0.16247730355838466,0.03545057288248856,,,1276,285,1013,728,2590,20531
9n,437027,-5.0,-10.0,0.17403993297229264,0.04876592537290841,,,1276,327,1214,887,3664,23743
9n,437028,-4.5,-9.0,0.1722149608215722,0.05922609221172056,,,1276,346,1174,828,3644,17958
9n,437029,-4.0,-8.0,0.14386727261552276,0.059543982404307694,,,1276,349,1139,790,3833,14534
9n,437030,-3.5,-7.0,0.16730216710280146,0.0858881732209543,,,1276,375,1143,768,4666,12676
9n,437031,-3.0,-6.0,0.14719188979711484,0.0863423868776613,,,1276,372,1114,742,5362,12291
9n,437032,-2.5,-5.0,0.1440594726847909,0.08050270653925153,,,1276,388,1250,862,5532,16915
9n,437033,-2.0,-4.0,0.167803610893204,0.07455913064665903,,,1276,424,1368,944,5517,21358
9n,437034,-1.5,-3.0,0.15929272521848045,0.08572143397739522,,,1276,416,1255,839,5624,17695
9n,437035,-1.0,-2.0,0.11934079689086513,0.09759602134697537,,,1276,429,1170,741,6760,12931
9n,437036,-0.5,-1.0,0.32166312669060587,0.26562748580489404,,,1276,878,1269,391,13973,17662
9n,437037,0.0,0.0,0.4413387397593129,0.4413387397593129,,,1276,1276,1276,0,21707,21707
9n,437038,0.5,1.0,0.2962135154149264,0.2206610888995513,,,1276,827,1279,452,14602,20832
9n,437039,1.0,2.0,0.08827919839192318,0.06634068514040262,,,1276,464,1260,796,8783,18676
9n,437040,1.5,3.0,0.12775030869888432,0.06741025998771381,,,1276,454,1247,793,7769,17883
9n,437041,2.0,4.0,0.1410126654397537,0.06445198130226865,,,1276,430,1185,755,6820,17369
9n,437042,2.5,5.0,0.09719128096208195,0.045385672613535745,,,1276,391,1037,646,6213,15571
9n,437043,3.0,6.0,0.078155073973933,0.0365824177313425,,,1276,340,854,514,4796,12023
9n,437044,3.5,7.0,0.044595045528594245,0.022469911878234487,,,1276,297,711,414,4234,10310
9n,437045,4.0,8.0,0.04554697269874422,0.025957460987262634,,,1276,250,562,312,3251,7589
9n,437046,4.5,9.0,0.08437848339220282,0.061214465675805026,,,1276,197,448,251,1774,4056
9n,437047,5.0,10.0,0.08879640698431285,0.051893441971962356,,,1276,184,431,247,1347,3787
9n,437048,5.5,11.0,0.1309600907029479,0.05329904110301026,,,1276,191,451,260,1050,3854
9n,437049,6.0,12.0,0.08277288188002474,0.05912276257163515,,,1276,245,567,322,1848,4707
9n,437050,6.5,13.0,0.07775206865336722,0.0463668468088712,,,1276,280,728,448,2744,7073
9n,437051,7.0,14.0,0.08296396864647311,0.041486141537076165,,,1276,290,890,600,3532,10073
9n,437052,7.5,15.0,0.10440547156354282,0.04738404452610329,,,1276,327,1087,760,3370,11808
9n,437053,8.0,16.0,0.10120185340978823,0.050480015659611424,,,1276,324,1163,839,3198,12385
9n,437054,8.5,17.0,0.11311430806380302,0.04841445346609495,,,1276,313,1221,908,2970,13850
9n,437055,9.0,18.0,0.10690786481806774,0.04965879702869029,,,1276,303,1168,865,2663,12095
9n,437056,9.5,19.0,0.06576868542756595,0.04405188629934904,,,1276,296,1035,739,2608,9309
9n,437057,10.0,20.0,0.053207279999999996,0.035200755216544,,,1276,285,994,709,2500,8162
9n,437058,10.5,21.0,0.046903995869571086,0.02798773664232813,,,1276,269,945,676,2548,8182
9n,437059,11.0,22.0,0.0638771268342272,0.025216277855754046,,,1276,282,1108,826,3591,13858
9n,437060,11.5,23.0,0.04646900721597783,0.016448937222497295,,,1276,316,1409,1093,4379,19508
9n,437061,12.0,24.0,0.05782878504521826,0.01627192640404012,,,1276,307,1484,1177,4102,20528
9n,437062,12.5,25.0,0.04485919962979506,0.010365520579256902,,,1276,287,1424,1137,3596,17977
9n,437063,13.0,26.0,0.04143035787485536,0.009665627829534009,,,1276,284,1366,1082,3512,16043
9n,437064,13.5,27.0,0.03815906455632997,0.011411687104427484,,,1276,275,1279,1004,3379,17258
9n,437065,14.0,28.0,0.04877793189807749,0.017018752627463118,,,1276,270,1287,1017,2883,24909
9n,437066,14.5,29.0,0.07891122936466825,0.014124179776828578,,,1276,256,1219,963,2384,26492
9n,437067,15.0,30.0,0.08617863302910059,0.014291710602325106,,,1276,204,889,685,1819,15655
9n,437068,15.5,31.0,0.07290175130263828,0.021291163862569348,,,1276,173,547,374,1277,5539
9n,437069,16.0,32.0,0.08649714747347652,0.028989381246933833,,,1276,139,349,210,748,2458
9n,437070,16.5,33.0,0.05993648393194707,0.023275859529644637,,,1276,121,290,169,575,1648
9n,437071,17.0,34.0,0.033900326371869266,0.016072315919069647,,,1276,120,337,217,641,2544
9n,437072,17.5,35.0,0.028218627886054923,0.011853411035125503,,,1276,132,469,337,761,4523
9n,437073,18.0,36.0,0.07733660650728873,0.01395962240877245,,,1276,164,690,526,943,10861
9n,437074,18.5,37.0,0.05726238763678506,0.007499482932623601,,,1276,205,954,749,1519,27286
9n,437075,19.0,38.0,0.0595678953626635,0.0101580877613713,,,1276,213,1045,832,1450,21161
9n,437076,19.5,39.0,0.060394131281913455,0.01879681200090845,,,1276,224,992,768,1464,8961
9n,437077,20.0,40.0,0.06522065038753501,0.0206526351344813,,,1276,222,925,703,1398,7181
9n,437078,20.5,41.0,0.0627752489717056,0.01878149869009716,,,1276,212,945,733,1274,7527
9n,437079,21.0,42.0,0.04041411469250417,0.01937296706670154,,,1276,151,573,422,553,3607
ch,394657,-30.0,-60.0,0.016034985422740507,-0.007999479708636842,,,826,31,78,47,49,248
ch,394658,-29.5,-59.0,,-0.025456059975010412,,,826,0,67,67,0,245
ch,394659,-29.0,-58.0,-0.11247637051039698,-0.03501133786848072,,,826,17,49,32,23,105
ch,394660,-28.5,-57.0,,-0.03520447530864197,,,826,0,44,44,0,72
ch,394661,-28.0,-56.0,-0.09815585960737656,-0.014530038813883513,,,826,32,139,107,41,299
ch,394662,-27.5,-55.0,,-0.01246184825420144,,,826,0,252,252,0,562
ch,394663,-27.0,-54.0,0.015250544662309382,0.0007139604624110946,,,826,74,324,250,153,993
ch,394664,-26.5,-53.0,,-0.013559136108954472,,,826,0,349,349,0,969
ch,394665,-26.0,-52.0,-0.022377324311364473,-0.008798541386820874,,,826,75,315,240,137,726
ch,394666,-25.5,-51.0,,-0.017098751692386477,,,826,0,348,348,0,773
ch,394667,-25.0,-50.0,0.005476657091465533,-0.0031840135020757923,,,826,87,445,358,193,1262
ch,394668,-24.5,-49.0,,-0.010634252412370662,,,826,0,483,483,0,1593
ch,394669,-24.0,-48.0,0.02310586371624465,-0.004366515172519348,,,826,87,432,345,201,1393
ch,394670,-23.5,-47.0,,-0.011308975683198825,,,826,0,384,384,0,1195
ch,394671,-23.0,-46.0,0.028901168761308625,-0.0008562550469765904,,,826,115,614,499,429,2714
ch,394672,-22.5,-45.0,,-0.008060267754726158,,,826,0,773,773,0,3673
ch,394673,-22.0,-44.0,0.0478310386289353,0.0029487094712248476,,,826,144,765,621,486,3195
ch,394674,-21.5,-43.0,,-0.00953289224952741,,,826,0,654,654,0,2300
ch,394675,-21.0,-42.0,0.06571343638525565,0.009251991394848539,,,826,129,593,464,290,1638
ch,394676,-20.5,-41.0,,-0.0070353349645116345,,,826,0,638,638,0,1809
ch,394677,-20.0,-40.0,0.040922222222222214,0.00969439615767444,,,826,116,570,454,300,1741
ch,394678,-19.5,-39.0,,-0.010433736342642008,,,826,0,435,435,0,1135
ch,394679,-19.0,-38.0,0.0720897570940662,0.0150100438276114,,,826,73,271,198,177,740
ch,394680,-18.5,-37.0,0.06937661591496698,0.017020223487433025,,,826,60,215,155,118,598
ch,394681,-18.0,-36.0,0.0860418241370622,0.009201114481134984,,,826,36,144,108,63,459
ch,394682,-17.5,-35.0,-0.18,-0.02218364197530864,,,826,11,53,42,5,72
ch,394683,-17.0,-34.0,-0.12706611570247933,-0.04182942708333333,,,826,11,42,31,22,96
ch,394684,-16.5,-33.0,-0.06521739130434782,-0.026620370370370367,,,826,15,43,28,23,108
ch,394685,-16.0,-32.0,0.168,0.015171644170475075,,,826,29,101,72,25,194
ch,394686,-15.5,-31.0,0.08202523853493382,0.007646303188861332,,,826,42,172,130,57,461
ch,394687,-15.0,-30.0,0.07438016528925621,0.011578306777496876,,,826,62,226,164,99,593
ch,394688,-14.5,-29.0,0.22487461419753088,0.03332096119538799,,,826,87,318,231,144,867
ch,394689,-14.0,-28.0,0.1695740678708547,0.026971187121607718,,,826,108,440,332,197,1101
ch,394690,-13.5,-27.0,0.06914272844536351,0.014847506215770674,,,826,110,521,411,221,1259
ch,394691,-13.0,-26.0,0.1549841557265731,0.02372207670736036,,,826,114,556,442,235,1542
ch,394692,-12.5,-25.0,0.11510725487053867,0.018692022054939545,,,826,110,515,405,209,1334
ch,394693,-12.0,-24.0,0.0777355734112491,0.014496504226233959,,,826,102,503,401,185,1295
ch,394694,-11.5,-23.0,0.17467582639075518,0.03514018299336859,,,826,111,473,362,244,1254
ch,394695,-11.0,-22.0,0.17862244897959184,0.03864646808029981,,,826,117,498,381,280,1357
ch,394696,-10.5,-21.0,0.1412527791880394,0.024787048097163287,,,826,115,546,431,239,1384
ch,394697,-10.0,-20.0,0.06541495198902605,0.010186892494449661,,,826,115,596,481,216,1604
ch,394698,-9.5,-19.0,0.049335474930713004,0.010103269621228034,,,826,116,646,530,252,2070
ch,394699,-9.0,-18.0,0.062221869040050864,0.007331749658332023,,,826,123,703,580,286,2836
ch,394700,-8.5,-17.0,0.13880137226072953,0.00941546568706277,,,826,117,768,651,207,3174
ch,394701,-8.0,-16.0,0.08343444518211579,0.008040186063079812,,,826,113,722,609,209,2587
ch,394702,-7.5,-15.0,0.0030313706492858263,0.002546771039118356,,,826,114,573,459,261,1621
ch,394703,-7.0,-14.0,0.014251606978879698,0.007068896853843092,,,826,88,396,308,165,1116
ch,394704,-6.5,-13.0,0.061743079584775075,0.010773570198301193,,,826,50,234,184,68,611
ch,394705,-6.0,-12.0,-0.01950617283950617,-0.0008456602861821801,,,826,35,114,79,45,193
ch,394706,-5.5,-11.0,-0.07596253902185225,-0.024556570814297227,,,826,21,59,38,31,122
ch,394707,-5.0,-10.0,-0.02430555555555556,-0.00355954142011834,,,826,19,53,34,24,104
ch,394708,-4.5,-9.0,0.1753125,0.04660095330649267,,,826,25,69,44,40,147
ch,394709,-4.0,-8.0,0.1408869659275284,0.027005372796682064,,,826,23,74,51,43,206
ch,394710,-3.5,-7.0,-0.0012913223140495812,0.008480460226145608,,,826,30,73,43,44,142
ch,394711,-3.0,-6.0,0.07338979577897686,0.03170937236665523,,,826,64,165,101,121,358
ch,394712,-2.5,-5.0,0.0464171786389414,0.022904997067548387,,,826,95,318,223,184,686
ch,394713,-2.0,-4.0,0.07606307463493779,0.029190405804891153,,,826,147,505,358,344,1220
ch,394714,-1.5,-3.0,0.1890116959909786,0.054380117587049324,,,826,183,603,420,526,1930
ch,394715,-1.0,-2.0,0.17284055523880532,0.05364057995683883,,,826,188,592,404,604,1981
ch,394716,-0.5,-1.0,0.4621076885631283,0.3202199820612419,,,826,462,673,211,1822,2645
ch,394717,0.0,0.0,0.5716916007661298,0.5716916007661298,,,826,826,826,0,3663,3663
ch,394718,0.5,1.0,0.3723348571408714,0.2449895986241696,,,826,568,850,282,2628,4007
ch,394719,1.0,2.0,0.046094436262690754,0.01789398159446678,,,826,280,876,596,1385,3961
ch,394720,1.5,3.0,0.0522271445885861,0.021273084694843524,,,826,254,869,615,1219,3583
ch,394721,2.0,4.0,0.05761562930289291,0.023492825331344995,,,826,226,782,556,1082,3087
ch,394722,2.5,5.0,0.038666230746161524,0.020001270261145523,,,826,204,810,606,902,2886
ch,394723,3.0,6.0,0.03507808132528373,0.013677644024785218,,,826,185,848,663,719,3133
ch,394724,3.5,7.0,0.039602309736251694,0.011896001616510781,,,826,167,778,611,622,2978
ch,394725,4.0,8.0,0.070625622963496,0.01809835390946502,,,826,161,739,578,473,2700
ch,394726,4.5,9.0,0.06727170971298742,0.015092581604982225,,,826,131,625,494,346,2385
ch,394727,5.0,10.0,-0.00376731301939058,0.0056521181915272336,,,826,79,385,306,190,1325
ch,394728,5.5,11.0,-0.024354272959183663,0.002930885127308446,,,826,46,193,147,112,707
ch,394729,6.0,12.0,-0.03559027777777778,-0.006928455474328642,,,826,32,105,73,72,307
ch,394730,6.5,13.0,-0.00875,-0.002430555555555554,,,826,22,55,33,40,120
ch,394731,7.0,14.0,-0.05268595041322315,0.0038644470868014315,,,826,18,42,24,22,58
ch,394732,7.5,15.0,-0.013232514177693768,-0.008152407844217557,,,826,20,101,81,23,241
ch,394733,8.0,16.0,0.010030864197530865,0.00683673469387755,,,826,45,194,149,72,420
ch,394734,8.5,17.0,0.024197530864197535,0.01519333729922665,,,826,60,242,182,90,410
ch,394735,9.0,18.0,0.05125831158993351,0.016623739875298645,,,826,59,281,222,109,655
ch,394736,9.5,19.0,0.08900669642857144,0.017533444439439664,,,826,66,295,229,112,745
ch,394737,10.0,20.0,0.04210777952325663,0.016897717639702305,,,826,77,281,204,121,557
ch,394738,10.5,21.0,0.05877759266972094,0.01914618908788005,,,826,67,285,218,98,490
ch,394739,11.0,22.0,0.028974920866812765,0.009806267132863101,,,826,62,290,228,111,589
ch,394740,11.5,23.0,0.055151472353647354,0.006479493856703333,,,826,68,330,262,119,892
ch,394741,12.0,24.0,0.021531886916502298,-0.0022780304820415893,,,826,59,284,225,78,736
ch,394742,12.5,25.0,0.07647292203927793,0.012921126383795402,,,826,53,282,229,71,567
ch,394743,13.0,26.0,0.1566759002770083,0.024159531632036112,,,826,76,400,324,95,751
ch,394744,13.5,27.0,0.15497448979591835,0.009964849862715742,,,826,81,557,476,84,1251
ch,394745,14.0,28.0,0.030483011616735063,-0.0018777335894453024,,,826,88,631,543,107,1665
ch,394746,14.5,29.0,0.015621063240110832,-0.001981334323038833,,,826,88,606,518,126,1639
ch,394747,15.0,30.0,0.044589774078477994,0.001577385443388159,,,826,68,582,514,87,1410
ch,394748,15.5,31.0,0.03937719205016473,0.0024756403685540895,,,826,61,531,470,97,1172
ch,394749,16.0,32.0,0.0342058298631767,0.0044083726745564695,,,826,70,480,410,123,987
ch,394750,16.5,33.0,0.0393016581632653,0.003525192534298461,,,826,64,354,290,112,872
ch,394751,17.0,34.0,0.03104542749454472,0.00040467106023817887,,,826,42,222,180,71,651
ch,394752,17.5,35.0,0.0584319526627219,0.014802968523866481,,,826,34,139,105,52,389
ch,394753,18.0,36.0,0.0777777777777778,-0.0012362591466470647,,,826,21,74,53,15,173
ch,394754,18.5,37.0,-0.1875,-0.06035665294924554,,,826,8,24,16,4,27
ch,394755,19.0,38.0,-0.5,-0.0443213296398892,,,826,5,25,20,1,19
ch,394756,19.5,39.0,-0.10204081632653061,-0.021204728842184276,,,826,15,56,41,7,73
ch,394757,20.0,40.0,-0.11072664359861593,-0.01581314878892734,,,826,27,112,85,17,170
ch,394758,20.5,41.0,0.026256224535989126,0.0015495772624288507,,,826,42,230,188,47,466
ch,394759,21.0,42.0,0.042868127643214134,0.0040833036667853335,,,826,50,261,211,51,530
ch,394760,21.5,43.0,-0.03485952133194591,-0.003259171333495658,,,826,45,245,200,31,444
ch,394761,22.0,44.0,0.031867845993756486,0.00581533316409311,,,826,55,304,249,62,602
ch,394762,22.5,45.0,0.026909722222222224,0.004908163265306124,,,826,55,316,261,72,700
ch,394763,23.0,46.0,-0.031926065952530974,0.0021783946108270436,,,826,58,269,211,69,555
ch,394764,23.5,47.0,-0.03952662721893491,0.0015632073336351285,,,826,46,229,183,65,376
ch,394765,24.0,48.0,0.06141868512110727,0.006846691563726897,,,826,42,235,193,34,354
ch,394766,24.5,49.0,0.12156250000000002,0.0043639143055816156,,,826,45,253,208,40,602
ch,394767,25.0,50.0,0.03365384615384617,0.0017910318559556792,,,826,53,342,289,52,760
ch,394768,25.5,51.0,-0.0028000000000000117,0.005377973674676973,,,826,53,448,395,50,910
ch,394769,26.0,52.0,0.041232819658475604,0.002264043218098664,,,826,64,518,454,49,1233
ch,394770,26.5,53.0,0.01837825796391176,0.0002572733939182514,,,826,67,549,482,67,1243
ch,394771,27.0,54.0,0.004309018159433663,-8.316279416343744e-06,,,826,65,589,524,57,1226
ch,394772,27.5,55.0,0.04898356401384081,0.0006761535075379767,,,826,64,653,589,68,1731
ch,394773,28.0,56.0,0.036914679689744316,-0.0015111972318339099,,,826,58,592,534,59,2125
ch,394774,28.5,57.0,0.0014609203798393096,-0.002415458937198067,,,826,40,402,362,37,1104
ch,394775,29.0,58.0,-0.0830078125,-0.006574995194156095,,,826,36,216,180,32,408
ch,394776,29.5,59.0,-0.0008680555555555501,-0.004865924525659876,,,826,26,97,71,24,207
ch,394777,30.0,60.0,0.11458333333333333,0.017159763313609473,,,826,13,39,26,12,65
